<?xml version="1.0" encoding="UTF-8"?>
<Configuration>
    <Appenders>
        <Console name="Console" target="SYSTEM_OUT">
            <PatternLayout disableAnsi="false"  pattern="%highlight{%d{HH:mm:ss.SSS} %-5level %logger{36}.%M() @%L - %msg%n}{FATAL=red blink, ERROR=red, WARN=yellow bold, INFO=black, DEBUG=green bold, TRACE=blue}"/>
        </Console>
        <RollingFile name="RollingFile"
                     fileName="./logs/diagnosis.log"
                     filePattern="./logs/$${date:yyyy-MM}/bgs-%d{dd-MMMM-yyyy}-%i.log.gz">
            <PatternLayout>
                <pattern>%d %p %C{1.} [%t] %m%n</pattern>
            </PatternLayout>
            <Policies>
                <!-- rollover on startup, daily and when the file reaches 10 MegaBytes -->
                <OnStartupTriggeringPolicy />
                <SizeBasedTriggeringPolicy size="10 MB" />
                <TimeBasedTriggeringPolicy />
            </Policies>
        </RollingFile>
       
       
    </Appenders>
    <Loggers>
    
        <!-- LOG everything at INFO level -->
        <Root level="info">
            <AppenderRef ref="Console" />
            <AppenderRef ref="RollingFile" />
        </Root>
        <Logger name="com.cititustech.diagnosis" level="debug" additivity="false">
            <AppenderRef ref="RollingFile" />
            <AppenderRef ref="Console" />

        </Logger>
    
        <Logger name="org.springframework.web" level="debug" additivity="false">
            <AppenderRef ref="RollingFile" />
            <AppenderRef ref="Console" />

        </Logger>
        <Logger name="org.springframework.data" level="debug">
            <AppenderRef ref="RollingFile" />
            <AppenderRef ref="Console" />

         </Logger>
        <Logger name="org.springframework.dao" level="debug">
            <AppenderRef ref="RollingFile" />
            <AppenderRef ref="Console" />

        </Logger>
        <Logger name="org.hibernate.SQL" level="debug">
            <AppenderRef ref="RollingFile" />
            <AppenderRef ref="Console" />

        </Logger>
        <Logger name="org.hibernate.type.descriptor.sql.BasicBinder" level="trace">
            <AppenderRef ref="RollingFile" />
            <AppenderRef ref="Console" />
        </Logger>
        
        
    </Loggers>
</Configuration>